order_id,date,customer_id,product_id,quantity
1,2025-01-01,29,2,3
2,2025-01-01,58,9,1
3,2025-01-02,190,35,1
4,2025-01-02,109,3,1
5,2025-01-02,56,15,5
6,2025-01-03,7,36,2
7,2025-01-03,180,35,4
8,2025-01-04,115,38,3
9,2025-01-04,195,11,4
10,2025-01-04,72,10,2
11,2025-01-05,27,6,4
12,2025-01-05,92,23,5
13,2025-01-05,12,47,4
14,2025-01-06,32,25,1
15,2025-01-06,76,41,5
16,2025-01-06,148,13,1
17,2025-01-07,170,15,3
18,2025-01-07,60,7,4
19,2025-01-08,117,41,3
20,2025-01-08,95,23,2
21,2025-01-08,69,45,1
22,2025-01-09,163,11,5
23,2025-01-09,42,30,4
24,2025-01-09,164,45,5
25,2025-01-10,176,21,1
26,2025-01-10,9,21,4
27,2025-01-10,17,14,5
28,2025-01-11,55,42,4
29,2025-01-11,165,30,2
30,2025-01-12,36,16,5
31,2025-01-12,68,48,5
32,2025-01-12,150,26,3
33,2025-01-13,36,33,4
34,2025-01-13,194,4,1
35,2025-01-13,161,11,4
36,2025-01-14,17,25,4
37,2025-01-14,120,34,3
38,2025-01-14,3,44,1
39,2025-01-15,138,49,3
40,2025-01-15,88,8,3
41,2025-01-16,41,30,1
42,2025-01-16,129,49,2
43,2025-01-16,28,41,3
44,2025-01-17,130,39,2
45,2025-01-17,96,49,2
46,2025-01-17,200,34,1
47,2025-01-18,83,32,1
48,2025-01-18,93,20,2
49,2025-01-18,62,37,1
50,2025-01-19,188,32,1
51,2025-01-19,197,9,2
52,2025-01-20,122,36,2
53,2025-01-20,136,39,4
54,2025-01-20,139,49,2
55,2025-01-21,103,43,3
56,2025-01-21,133,29,1
57,2025-01-21,58,5,3
58,2025-01-22,151,36,2
59,2025-01-22,57,1,1
60,2025-01-22,162,4,2
61,2025-01-23,9,22,1
62,2025-01-23,61,18,4
63,2025-01-24,139,9,5
64,2025-01-24,122,16,4
65,2025-01-24,49,7,1
66,2025-01-25,111,23,4
67,2025-01-25,120,47,1
68,2025-01-25,168,42,1
69,2025-01-26,104,47,3
70,2025-01-26,64,13,2
71,2025-01-27,115,9,4
72,2025-01-27,72,30,2
73,2025-01-27,114,36,1
74,2025-01-28,167,35,1
75,2025-01-28,193,16,2
76,2025-01-28,125,31,2
77,2025-01-29,16,11,4
78,2025-01-29,100,17,4
79,2025-01-29,109,45,5
80,2025-01-30,184,32,2
81,2025-01-30,76,14,1
82,2025-01-31,189,35,1
83,2025-01-31,15,4,5
84,2025-01-31,129,34,2
85,2025-02-01,131,6,2
86,2025-02-01,153,5,2
87,2025-02-01,31,37,2
88,2025-02-02,153,3,5
89,2025-02-02,108,43,5
90,2025-02-02,134,21,3
91,2025-02-03,172,46,3
92,2025-02-03,68,26,2
93,2025-02-04,166,20,4
94,2025-02-04,193,5,1
95,2025-02-04,160,37,1
96,2025-02-05,138,14,5
97,2025-02-05,34,23,1
98,2025-02-05,95,19,2
99,2025-02-06,140,46,3
100,2025-02-06,168,34,1
101,2025-02-06,142,20,1
102,2025-02-07,68,8,1
103,2025-02-07,40,18,3
104,2025-02-08,54,46,3
105,2025-02-08,176,41,3
106,2025-02-08,126,17,1
107,2025-02-09,163,28,3
108,2025-02-09,1,22,2
109,2025-02-09,68,11,4
110,2025-02-10,181,28,5
111,2025-02-10,29,5,2
112,2025-02-10,10,24,5
113,2025-02-11,38,28,2
114,2025-02-11,79,24,1
115,2025-02-12,54,44,2
116,2025-02-12,27,23,5
117,2025-02-12,159,48,2
118,2025-02-13,42,12,4
119,2025-02-13,46,48,3
120,2025-02-13,172,48,2
121,2025-02-14,41,45,1
122,2025-02-14,10,31,2
123,2025-02-14,118,23,3
124,2025-02-15,58,2,2
125,2025-02-15,85,18,1
126,2025-02-16,90,42,5
127,2025-02-16,174,35,3
128,2025-02-16,30,17,2
129,2025-02-17,68,3,1
130,2025-02-17,112,23,3
131,2025-02-17,156,33,1
132,2025-02-18,148,13,3
133,2025-02-18,182,28,1
134,2025-02-18,138,44,2
135,2025-02-19,111,5,3
136,2025-02-19,81,43,1
137,2025-02-20,130,20,4
138,2025-02-20,104,45,3
139,2025-02-20,33,13,4
140,2025-02-21,98,44,2
141,2025-02-21,146,20,4
142,2025-02-21,1,20,3
143,2025-02-22,111,38,5
144,2025-02-22,83,30,4
145,2025-02-22,173,14,5
146,2025-02-23,189,11,1
147,2025-02-23,132,43,5
148,2025-02-24,24,49,2
149,2025-02-24,80,15,2
150,2025-02-24,7,3,2
151,2025-02-25,157,50,1
152,2025-02-25,107,41,5
153,2025-02-25,184,45,4
154,2025-02-26,103,16,2
155,2025-02-26,177,1,1
156,2025-02-26,57,12,5
157,2025-02-27,13,36,2
158,2025-02-27,117,9,4
159,2025-02-28,136,36,5
160,2025-02-28,194,29,5
161,2025-02-28,110,36,4
162,2025-03-01,191,31,4
163,2025-03-01,193,16,3
164,2025-03-01,125,41,2
165,2025-03-02,113,5,3
166,2025-03-02,70,22,3
167,2025-03-02,21,9,2
168,2025-03-03,99,45,2
169,2025-03-03,55,5,4
170,2025-03-04,85,35,4
171,2025-03-04,16,14,4
172,2025-03-04,198,38,1
173,2025-03-05,98,31,1
174,2025-03-05,77,49,4
175,2025-03-05,138,48,5
176,2025-03-06,57,32,2
177,2025-03-06,112,32,1
178,2025-03-06,87,43,4
179,2025-03-07,120,9,5
180,2025-03-07,7,26,5
181,2025-03-08,170,2,1
182,2025-03-08,110,9,4
183,2025-03-08,13,17,4
184,2025-03-09,55,30,3
185,2025-03-09,195,25,3
186,2025-03-09,65,6,4
187,2025-03-10,192,35,1
188,2025-03-10,58,42,1
189,2025-03-11,11,49,1
190,2025-03-11,52,2,5
191,2025-03-11,62,9,4
192,2025-03-12,30,37,2
193,2025-03-12,180,17,3
194,2025-03-12,156,39,1
195,2025-03-13,80,7,5
196,2025-03-13,80,37,4
197,2025-03-13,184,13,1
198,2025-03-14,177,41,2
199,2025-03-14,179,50,3
200,2025-03-15,154,8,5
201,2025-03-15,89,35,4
202,2025-03-15,95,5,5
203,2025-03-16,88,1,4
204,2025-03-16,28,28,3
205,2025-03-16,118,46,2
206,2025-03-17,46,47,5
207,2025-03-17,70,40,5
208,2025-03-17,120,28,5
209,2025-03-18,83,16,1
210,2025-03-18,116,16,4
211,2025-03-19,157,43,4
212,2025-03-19,8,32,3
213,2025-03-19,125,14,3
214,2025-03-20,88,18,5
215,2025-03-20,71,36,1
216,2025-03-20,49,6,2
217,2025-03-21,126,36,2
218,2025-03-21,122,42,4
219,2025-03-21,5,6,3
220,2025-03-22,104,45,2
221,2025-03-22,170,38,3
222,2025-03-23,142,34,3
223,2025-03-23,191,36,3
224,2025-03-23,180,30,3
225,2025-03-24,65,15,1
226,2025-03-24,81,8,5
227,2025-03-24,48,13,2
228,2025-03-25,71,47,5
229,2025-03-25,153,19,1
230,2025-03-25,76,15,3
231,2025-03-26,78,1,5
232,2025-03-26,71,3,1
233,2025-03-27,75,45,2
234,2025-03-27,193,32,1
235,2025-03-27,147,19,4
236,2025-03-28,113,22,2
237,2025-03-28,65,31,1
238,2025-03-28,103,32,1
239,2025-03-29,162,44,1
240,2025-03-29,39,37,3
241,2025-03-29,64,8,5
242,2025-03-30,156,39,5
243,2025-03-30,199,34,4
244,2025-03-31,114,20,5
245,2025-03-31,79,37,5
246,2025-03-31,157,48,1
247,2025-04-01,161,14,3
248,2025-04-01,21,11,2
249,2025-04-01,142,5,2
250,2025-04-02,105,29,5
251,2025-04-02,75,3,2
252,2025-04-02,181,19,4
253,2025-04-03,176,15,3
254,2025-04-03,151,43,2
255,2025-04-04,30,35,2
256,2025-04-04,39,18,2
257,2025-04-04,16,11,3
258,2025-04-05,192,37,3
259,2025-04-05,32,30,3
260,2025-04-05,104,18,5
261,2025-04-06,127,29,1
262,2025-04-06,11,28,3
263,2025-04-06,65,2,1
264,2025-04-07,173,37,5
265,2025-04-07,196,44,3
266,2025-04-08,11,49,2
267,2025-04-08,133,42,4
268,2025-04-08,47,38,4
269,2025-04-09,126,6,4
270,2025-04-09,105,22,3
271,2025-04-09,27,11,3
272,2025-04-10,178,32,3
273,2025-04-10,103,49,5
274,2025-04-10,117,6,3
275,2025-04-11,83,8,4
276,2025-04-11,1,43,5
277,2025-04-12,106,4,2
278,2025-04-12,93,40,4
279,2025-04-12,114,49,1
280,2025-04-13,69,36,2
281,2025-04-13,113,45,4
282,2025-04-13,8,41,5
283,2025-04-14,182,11,3
284,2025-04-14,4,36,4
285,2025-04-14,58,8,4
286,2025-04-15,166,10,4
287,2025-04-15,131,46,3
288,2025-04-16,124,31,2
289,2025-04-16,142,10,4
290,2025-04-16,154,33,2
291,2025-04-17,71,50,4
292,2025-04-17,130,18,1
293,2025-04-17,186,20,5
294,2025-04-18,169,32,2
295,2025-04-18,138,31,3
296,2025-04-18,142,49,5
297,2025-04-19,117,21,2
298,2025-04-19,62,37,4
299,2025-04-20,199,27,1
300,2025-04-20,191,31,4
301,2025-04-20,170,42,2
302,2025-04-21,10,9,5
303,2025-04-21,85,7,4
304,2025-04-21,135,30,1
305,2025-04-22,105,42,2
306,2025-04-22,121,17,3
307,2025-04-22,178,26,1
308,2025-04-23,173,35,4
309,2025-04-23,161,46,4
310,2025-04-24,10,40,1
311,2025-04-24,162,44,3
312,2025-04-24,192,6,4
313,2025-04-25,195,41,1
314,2025-04-25,43,45,3
315,2025-04-25,12,21,1
316,2025-04-26,92,24,4
317,2025-04-26,63,34,4
318,2025-04-27,175,12,2
319,2025-04-27,21,40,4
320,2025-04-27,175,16,4
321,2025-04-28,37,15,4
322,2025-04-28,66,30,3
323,2025-04-28,3,30,3
324,2025-04-29,140,11,1
325,2025-04-29,89,38,3
326,2025-04-29,109,45,3
327,2025-04-30,78,13,4
328,2025-04-30,28,16,4
329,2025-05-01,92,37,3
330,2025-05-01,76,2,4
331,2025-05-01,3,37,1
332,2025-05-02,191,32,3
333,2025-05-02,156,23,2
334,2025-05-02,49,40,3
335,2025-05-03,194,47,2
336,2025-05-03,25,41,1
337,2025-05-03,113,3,5
338,2025-05-04,188,9,1
339,2025-05-04,84,48,4
340,2025-05-05,52,9,5
341,2025-05-05,136,33,3
342,2025-05-05,66,31,3
343,2025-05-06,30,30,1
344,2025-05-06,194,15,4
345,2025-05-06,94,6,4
346,2025-05-07,68,35,1
347,2025-05-07,95,44,3
348,2025-05-07,98,41,3
349,2025-05-08,173,15,4
350,2025-05-08,159,36,3
351,2025-05-09,57,42,1
352,2025-05-09,119,45,3
353,2025-05-09,105,8,2
354,2025-05-10,10,20,4
355,2025-05-10,25,16,5
356,2025-05-10,100,30,3
357,2025-05-11,191,45,5
358,2025-05-11,151,48,2
359,2025-05-11,168,7,4
360,2025-05-12,105,18,1
361,2025-05-12,95,14,4
362,2025-05-13,61,24,1
363,2025-05-13,95,35,3
364,2025-05-13,102,18,2
365,2025-05-14,117,6,2
366,2025-05-14,164,39,1
367,2025-05-14,86,16,2
368,2025-05-15,53,5,5
369,2025-05-15,151,14,2
370,2025-05-15,199,10,5
371,2025-05-16,71,10,2
372,2025-05-16,65,12,1
373,2025-05-17,7,9,1
374,2025-05-17,61,38,3
375,2025-05-17,45,17,1
376,2025-05-18,190,27,5
377,2025-05-18,191,5,4
378,2025-05-18,200,24,5
379,2025-05-19,28,29,5
380,2025-05-19,158,3,5
381,2025-05-19,118,42,1
382,2025-05-20,123,26,4
383,2025-05-20,28,32,4
384,2025-05-21,21,21,5
385,2025-05-21,17,9,3
386,2025-05-21,163,38,5
387,2025-05-22,84,25,5
388,2025-05-22,76,30,5
389,2025-05-22,111,7,1
390,2025-05-23,167,50,5
391,2025-05-23,111,29,2
392,2025-05-23,87,30,4
393,2025-05-24,187,7,3
394,2025-05-24,81,43,3
395,2025-05-25,40,44,4
396,2025-05-25,24,6,1
397,2025-05-25,25,48,3
398,2025-05-26,143,4,5
399,2025-05-26,144,22,1
400,2025-05-26,91,43,4
401,2025-05-27,74,39,3
402,2025-05-27,27,37,5
403,2025-05-27,40,43,4
404,2025-05-28,28,23,5
405,2025-05-28,30,49,3
406,2025-05-29,58,28,5
407,2025-05-29,158,44,5
408,2025-05-29,156,43,3
409,2025-05-30,47,18,3
410,2025-05-30,90,1,2
411,2025-05-30,145,43,4
412,2025-05-31,37,48,1
413,2025-05-31,192,34,2
414,2025-05-31,108,30,3
415,2025-06-01,95,20,3
416,2025-06-01,153,6,1
417,2025-06-02,41,49,5
418,2025-06-02,173,6,3
419,2025-06-02,170,28,4
420,2025-06-03,114,27,3
421,2025-06-03,194,33,1
422,2025-06-03,111,8,3
423,2025-06-04,174,38,4
424,2025-06-04,171,20,1
425,2025-06-04,102,39,1
426,2025-06-05,53,20,2
427,2025-06-05,196,17,3
428,2025-06-06,31,1,4
429,2025-06-06,45,9,4
430,2025-06-06,181,15,5
431,2025-06-07,172,23,1
432,2025-06-07,190,3,4
433,2025-06-07,118,5,3
434,2025-06-08,110,37,4
435,2025-06-08,164,27,3
436,2025-06-08,104,2,3
437,2025-06-09,159,30,3
438,2025-06-09,112,7,2
439,2025-06-10,151,26,5
440,2025-06-10,102,20,3
441,2025-06-10,86,50,2
442,2025-06-11,131,41,1
443,2025-06-11,131,13,3
444,2025-06-11,187,42,2
445,2025-06-12,27,10,3
446,2025-06-12,45,39,2
447,2025-06-13,20,12,4
448,2025-06-13,194,37,5
449,2025-06-13,175,37,5
450,2025-06-14,161,21,2
451,2025-06-14,18,31,4
452,2025-06-14,78,18,5
453,2025-06-15,91,33,1
454,2025-06-15,119,29,1
455,2025-06-15,95,19,1
456,2025-06-16,24,40,5
457,2025-06-16,99,30,5
458,2025-06-17,190,3,4
459,2025-06-17,167,13,3
460,2025-06-17,122,33,2
461,2025-06-18,116,7,3
462,2025-06-18,130,42,2
463,2025-06-18,64,46,4
464,2025-06-19,135,34,5
465,2025-06-19,94,24,3
466,2025-06-19,105,50,3
467,2025-06-20,154,4,3
468,2025-06-20,85,7,5
469,2025-06-21,99,19,3
470,2025-06-21,155,10,3
471,2025-06-21,150,43,2
472,2025-06-22,80,42,4
473,2025-06-22,153,46,1
474,2025-06-22,144,25,3
475,2025-06-23,172,45,5
476,2025-06-23,166,43,4
477,2025-06-23,93,2,3
478,2025-06-24,47,14,3
479,2025-06-24,50,15,2
480,2025-06-25,20,19,1
481,2025-06-25,198,35,5
482,2025-06-25,170,22,5
483,2025-06-26,153,25,2
484,2025-06-26,47,45,5
485,2025-06-26,185,29,1
486,2025-06-27,94,44,2
487,2025-06-27,157,19,4
488,2025-06-27,137,16,3
489,2025-06-28,50,24,5
490,2025-06-28,119,50,3
491,2025-06-29,129,34,4
492,2025-06-29,52,39,2
493,2025-06-29,14,42,4
494,2025-06-30,142,7,5
495,2025-06-30,73,6,2
496,2025-06-30,116,33,2
497,2025-07-01,24,15,4
498,2025-07-01,7,27,1
499,2025-07-01,129,24,2
500,2025-07-02,21,24,2
501,2025-07-02,82,7,3
502,2025-07-03,36,3,3
503,2025-07-03,179,9,4
504,2025-07-03,158,1,1
505,2025-07-04,66,14,2
506,2025-07-04,187,39,5
507,2025-07-04,29,50,3
508,2025-07-05,78,8,1
509,2025-07-05,108,41,5
510,2025-07-05,17,8,4
511,2025-07-06,138,2,5
512,2025-07-06,62,46,2
513,2025-07-07,110,1,5
514,2025-07-07,62,37,4
515,2025-07-07,171,43,1
516,2025-07-08,93,5,5
517,2025-07-08,130,33,5
518,2025-07-08,100,31,1
519,2025-07-09,100,24,3
520,2025-07-09,92,5,3
521,2025-07-09,188,43,1
522,2025-07-10,189,49,3
523,2025-07-10,12,23,5
524,2025-07-11,165,12,4
525,2025-07-11,123,41,2
526,2025-07-11,17,46,4
527,2025-07-12,76,13,1
528,2025-07-12,11,21,3
529,2025-07-12,102,35,4
530,2025-07-13,10,49,2
531,2025-07-13,92,50,1
532,2025-07-13,85,18,1
533,2025-07-14,112,26,4
534,2025-07-14,87,12,4
535,2025-07-15,128,24,5
536,2025-07-15,22,47,4
537,2025-07-15,111,39,2
538,2025-07-16,76,21,1
539,2025-07-16,84,43,3
540,2025-07-16,115,39,4
541,2025-07-17,177,29,3
542,2025-07-17,11,47,3
543,2025-07-17,112,18,1
544,2025-07-18,172,41,4
545,2025-07-18,132,48,2
546,2025-07-19,37,39,4
547,2025-07-19,33,5,2
548,2025-07-19,94,24,4
549,2025-07-20,9,39,2
550,2025-07-20,116,24,3
551,2025-07-20,196,5,5
552,2025-07-21,136,24,4
553,2025-07-21,167,18,2
554,2025-07-21,7,48,2
555,2025-07-22,133,25,5
556,2025-07-22,68,50,3
557,2025-07-23,115,14,5
558,2025-07-23,178,32,2
559,2025-07-23,35,5,4
560,2025-07-24,183,29,1
561,2025-07-24,82,43,3
562,2025-07-24,17,36,5
563,2025-07-25,77,11,2
564,2025-07-25,131,15,1
565,2025-07-26,36,16,4
566,2025-07-26,93,36,5
567,2025-07-26,120,36,2
568,2025-07-27,23,5,3
569,2025-07-27,184,47,4
570,2025-07-27,106,50,4
571,2025-07-28,19,9,3
572,2025-07-28,19,29,4
573,2025-07-28,133,23,2
574,2025-07-29,164,38,2
575,2025-07-29,111,33,1
576,2025-07-30,133,10,3
577,2025-07-30,42,21,2
578,2025-07-30,133,19,1
579,2025-07-31,51,41,5
580,2025-07-31,33,41,3
581,2025-07-31,137,6,5
582,2025-08-01,44,38,5
583,2025-08-01,44,43,5
584,2025-08-01,87,37,1
585,2025-08-02,21,3,5
586,2025-08-02,167,14,5
587,2025-08-03,159,41,1
588,2025-08-03,161,35,3
589,2025-08-03,78,31,2
590,2025-08-04,104,20,4
591,2025-08-04,177,4,2
592,2025-08-04,107,31,4
593,2025-08-05,88,39,2
594,2025-08-05,184,21,3
595,2025-08-05,34,49,3
596,2025-08-06,144,7,3
597,2025-08-06,120,8,3
598,2025-08-07,64,10,1
599,2025-08-07,75,25,5
600,2025-08-07,64,11,3
601,2025-08-08,185,21,2
602,2025-08-08,128,33,4
603,2025-08-08,79,32,1
604,2025-08-09,101,33,4
605,2025-08-09,56,38,3
606,2025-08-09,13,19,4
607,2025-08-10,168,44,4
608,2025-08-10,138,1,1
609,2025-08-11,35,17,3
610,2025-08-11,94,3,4
611,2025-08-11,146,36,2
612,2025-08-12,142,19,1
613,2025-08-12,130,29,5
614,2025-08-12,160,44,5
615,2025-08-13,33,7,4
616,2025-08-13,87,36,3
617,2025-08-13,51,39,5
618,2025-08-14,129,3,1
619,2025-08-14,36,46,3
620,2025-08-15,133,30,2
621,2025-08-15,132,9,3
622,2025-08-15,82,11,4
623,2025-08-16,190,20,5
624,2025-08-16,130,33,5
625,2025-08-16,182,37,3
626,2025-08-17,5,24,3
627,2025-08-17,29,27,5
628,2025-08-17,186,45,1
629,2025-08-18,122,17,5
630,2025-08-18,59,47,1
631,2025-08-19,123,11,5
632,2025-08-19,185,40,4
633,2025-08-19,175,16,1
634,2025-08-20,180,8,2
635,2025-08-20,113,21,4
636,2025-08-20,106,45,2
637,2025-08-21,129,50,5
638,2025-08-21,189,47,1
639,2025-08-21,36,34,2
640,2025-08-22,84,43,4
641,2025-08-22,97,21,2
642,2025-08-23,137,22,5
643,2025-08-23,174,50,3
644,2025-08-23,124,13,2
645,2025-08-24,143,20,2
646,2025-08-24,198,19,2
647,2025-08-24,181,32,3
648,2025-08-25,90,36,3
649,2025-08-25,32,37,5
650,2025-08-25,102,23,2
651,2025-08-26,11,19,1
652,2025-08-26,114,42,3
653,2025-08-27,55,13,5
654,2025-08-27,144,45,3
655,2025-08-27,28,40,5
656,2025-08-28,63,4,5
657,2025-08-28,164,15,1
658,2025-08-28,106,22,4
659,2025-08-29,175,50,2
660,2025-08-29,141,11,4
661,2025-08-29,122,31,2
662,2025-08-30,83,19,1
663,2025-08-30,167,37,2
664,2025-08-31,190,47,1
665,2025-08-31,107,12,1
666,2025-08-31,127,12,3
667,2025-09-01,3,20,5
668,2025-09-01,28,22,3
669,2025-09-01,165,35,5
670,2025-09-02,35,33,4
671,2025-09-02,50,8,3
672,2025-09-02,188,30,3
673,2025-09-03,4,48,3
674,2025-09-03,146,44,2
675,2025-09-04,157,41,4
676,2025-09-04,132,21,1
677,2025-09-04,172,7,2
678,2025-09-05,123,21,2
679,2025-09-05,67,25,2
680,2025-09-05,193,18,3
681,2025-09-06,150,47,5
682,2025-09-06,67,42,3
683,2025-09-06,61,4,1
684,2025-09-07,79,11,4
685,2025-09-07,129,46,3
686,2025-09-08,31,41,3
687,2025-09-08,158,15,2
688,2025-09-08,123,10,4
689,2025-09-09,96,27,5
690,2025-09-09,194,35,2
691,2025-09-09,175,49,5
692,2025-09-10,135,29,5
693,2025-09-10,93,5,5
694,2025-09-11,16,36,5
695,2025-09-11,147,35,2
696,2025-09-11,84,34,4
697,2025-09-12,175,14,5
698,2025-09-12,24,33,4
699,2025-09-12,117,9,5
700,2025-09-13,117,37,1
701,2025-09-13,119,44,3
702,2025-09-13,102,17,1
703,2025-09-14,149,5,1
704,2025-09-14,89,45,1
705,2025-09-15,16,5,4
706,2025-09-15,74,27,2
707,2025-09-15,197,42,4
708,2025-09-16,98,29,4
709,2025-09-16,21,44,5
710,2025-09-16,168,23,1
711,2025-09-17,138,26,5
712,2025-09-17,187,15,1
713,2025-09-17,77,30,5
714,2025-09-18,137,25,2
715,2025-09-18,118,23,2
716,2025-09-19,49,47,1
717,2025-09-19,170,27,5
718,2025-09-19,62,14,1
719,2025-09-20,153,3,4
720,2025-09-20,173,46,1
721,2025-09-20,190,3,4
722,2025-09-21,60,35,2
723,2025-09-21,36,33,3
724,2025-09-21,188,37,3
725,2025-09-22,154,50,3
726,2025-09-22,78,10,5
727,2025-09-23,106,20,3
728,2025-09-23,143,38,2
729,2025-09-23,174,28,5
730,2025-09-24,13,23,4
731,2025-09-24,82,45,4
732,2025-09-24,39,20,4
733,2025-09-25,194,35,4
734,2025-09-25,58,20,2
735,2025-09-25,15,36,4
736,2025-09-26,143,34,2
737,2025-09-26,63,17,2
738,2025-09-27,166,6,4
739,2025-09-27,24,35,2
740,2025-09-27,69,25,5
741,2025-09-28,11,5,2
742,2025-09-28,186,43,5
743,2025-09-28,123,14,3
744,2025-09-29,4,14,2
745,2025-09-29,192,49,4
746,2025-09-29,179,39,2
747,2025-09-30,62,36,3
748,2025-09-30,98,30,5
749,2025-10-01,92,20,3
750,2025-10-01,132,32,4
751,2025-10-01,185,31,3
752,2025-10-02,95,21,4
753,2025-10-02,145,15,2
754,2025-10-02,67,36,5
755,2025-10-03,185,27,3
756,2025-10-03,51,22,2
757,2025-10-03,146,16,4
758,2025-10-04,168,44,3
759,2025-10-04,196,32,4
760,2025-10-05,44,47,3
761,2025-10-05,36,47,5
762,2025-10-05,48,35,1
763,2025-10-06,9,5,1
764,2025-10-06,106,9,2
765,2025-10-06,182,10,1
766,2025-10-07,130,30,3
767,2025-10-07,159,41,5
768,2025-10-07,169,32,1
769,2025-10-08,137,36,4
770,2025-10-08,5,34,3
771,2025-10-09,74,2,5
772,2025-10-09,173,28,2
773,2025-10-09,25,34,2
774,2025-10-10,50,40,5
775,2025-10-10,91,18,4
776,2025-10-10,96,26,4
777,2025-10-11,63,45,2
778,2025-10-11,176,6,1
779,2025-10-11,104,25,4
780,2025-10-12,122,4,1
781,2025-10-12,44,6,4
782,2025-10-13,166,22,5
783,2025-10-13,136,3,2
784,2025-10-13,178,37,4
785,2025-10-14,12,5,3
786,2025-10-14,145,43,1
787,2025-10-14,81,2,2
788,2025-10-15,37,49,4
789,2025-10-15,77,11,5
790,2025-10-15,146,25,5
791,2025-10-16,99,49,2
792,2025-10-16,186,6,5
793,2025-10-17,14,7,4
794,2025-10-17,20,22,5
795,2025-10-17,153,26,3
796,2025-10-18,163,18,4
797,2025-10-18,59,23,5
798,2025-10-18,111,12,5
799,2025-10-19,98,6,5
800,2025-10-19,64,46,1
801,2025-10-19,69,10,4
802,2025-10-20,163,10,4
803,2025-10-20,93,7,1
804,2025-10-21,79,29,3
805,2025-10-21,27,9,1
806,2025-10-21,111,29,5
807,2025-10-22,132,27,1
808,2025-10-22,23,23,5
809,2025-10-22,153,39,3
810,2025-10-23,4,19,4
811,2025-10-23,200,6,5
812,2025-10-23,147,34,2
813,2025-10-24,98,11,2
814,2025-10-24,78,18,4
815,2025-10-25,17,11,4
816,2025-10-25,108,20,4
817,2025-10-25,93,17,2
818,2025-10-26,127,39,5
819,2025-10-26,118,7,2
820,2025-10-26,2,26,3
821,2025-10-27,98,22,4
822,2025-10-27,111,42,5
823,2025-10-28,77,21,5
824,2025-10-28,52,31,3
825,2025-10-28,102,21,3
826,2025-10-29,163,32,5
827,2025-10-29,84,25,3
828,2025-10-29,94,8,5
829,2025-10-30,152,35,2
830,2025-10-30,197,36,1
831,2025-10-30,182,14,4
832,2025-10-31,178,5,4
833,2025-10-31,128,9,3
834,2025-11-01,65,43,2
835,2025-11-01,97,5,4
836,2025-11-01,123,38,4
837,2025-11-02,130,45,4
838,2025-11-02,10,24,5
839,2025-11-02,164,6,1
840,2025-11-03,169,43,3
841,2025-11-03,166,40,1
842,2025-11-03,166,44,4
843,2025-11-04,111,7,1
844,2025-11-04,67,15,5
845,2025-11-05,143,38,5
846,2025-11-05,115,24,4
847,2025-11-05,198,44,5
848,2025-11-06,129,10,3
849,2025-11-06,124,7,3
850,2025-11-06,22,8,2
851,2025-11-07,80,22,4
852,2025-11-07,134,31,3
853,2025-11-07,25,29,4
854,2025-11-08,18,20,1
855,2025-11-08,30,2,3
856,2025-11-09,28,44,2
857,2025-11-09,133,12,5
858,2025-11-09,85,36,4
859,2025-11-10,60,26,2
860,2025-11-10,164,43,4
861,2025-11-10,8,48,5
862,2025-11-11,116,38,4
863,2025-11-11,2,46,2
864,2025-11-11,72,49,1
865,2025-11-12,27,35,2
866,2025-11-12,84,13,4
867,2025-11-13,68,43,4
868,2025-11-13,164,21,5
869,2025-11-13,157,26,5
870,2025-11-14,90,23,4
871,2025-11-14,45,44,3
872,2025-11-14,152,6,2
873,2025-11-15,31,16,3
874,2025-11-15,47,24,2
875,2025-11-15,100,27,5
876,2025-11-16,148,25,4
877,2025-11-16,125,41,5
878,2025-11-17,166,12,5
879,2025-11-17,126,19,2
880,2025-11-17,81,29,5
881,2025-11-18,92,1,4
882,2025-11-18,50,25,5
883,2025-11-18,168,32,4
884,2025-11-19,126,27,4
885,2025-11-19,43,6,5
886,2025-11-19,195,15,3
887,2025-11-20,71,15,5
888,2025-11-20,44,50,4
889,2025-11-21,191,50,4
890,2025-11-21,131,8,5
891,2025-11-21,69,50,5
892,2025-11-22,139,49,1
893,2025-11-22,140,14,4
894,2025-11-22,189,42,2
895,2025-11-23,9,29,3
896,2025-11-23,23,29,1
897,2025-11-23,54,48,5
898,2025-11-24,90,46,5
899,2025-11-24,110,11,5
900,2025-11-25,53,14,1
901,2025-11-25,90,35,3
902,2025-11-25,138,11,3
903,2025-11-26,75,19,5
904,2025-11-26,132,44,1
905,2025-11-26,193,27,1
906,2025-11-27,168,9,2
907,2025-11-27,38,46,3
908,2025-11-27,195,44,4
909,2025-11-28,37,37,3
910,2025-11-28,107,25,4
911,2025-11-29,163,50,1
912,2025-11-29,132,48,3
913,2025-11-29,95,30,4
914,2025-11-30,149,1,1
915,2025-11-30,163,43,3
916,2025-11-30,137,26,2
917,2025-12-01,55,32,3
918,2025-12-01,73,22,5
919,2025-12-01,34,37,4
920,2025-12-02,175,49,1
921,2025-12-02,26,41,4
922,2025-12-03,32,11,4
923,2025-12-03,1,28,2
924,2025-12-03,34,42,3
925,2025-12-04,71,6,3
926,2025-12-04,22,24,2
927,2025-12-04,102,41,3
928,2025-12-05,194,15,4
929,2025-12-05,24,46,1
930,2025-12-05,55,31,1
931,2025-12-06,152,15,5
932,2025-12-06,114,1,1
933,2025-12-07,88,8,4
934,2025-12-07,34,31,1
935,2025-12-07,99,6,1
936,2025-12-08,81,24,3
937,2025-12-08,98,50,2
938,2025-12-08,174,10,1
939,2025-12-09,145,1,5
940,2025-12-09,43,29,3
941,2025-12-10,161,48,2
942,2025-12-10,158,44,4
943,2025-12-10,23,7,2
944,2025-12-11,151,47,4
945,2025-12-11,110,21,2
946,2025-12-11,71,42,1
947,2025-12-12,142,39,5
948,2025-12-12,73,50,1
949,2025-12-12,78,14,5
950,2025-12-13,131,13,4
951,2025-12-13,166,4,2
952,2025-12-14,99,8,2
953,2025-12-14,164,39,1
954,2025-12-14,4,24,3
955,2025-12-15,100,37,4
956,2025-12-15,140,44,2
957,2025-12-15,198,5,1
958,2025-12-16,18,1,3
959,2025-12-16,11,4,4
960,2025-12-16,74,41,5
961,2025-12-17,109,45,4
962,2025-12-17,164,35,5
963,2025-12-18,40,18,1
964,2025-12-18,21,33,2
965,2025-12-18,138,21,4
966,2025-12-19,163,49,1
967,2025-12-19,179,28,2
968,2025-12-19,63,6,4
969,2025-12-20,117,40,5
970,2025-12-20,80,43,2
971,2025-12-20,4,46,2
972,2025-12-21,3,11,4
973,2025-12-21,134,34,3
974,2025-12-22,96,9,3
975,2025-12-22,198,2,3
976,2025-12-22,70,34,1
977,2025-12-23,183,37,1
978,2025-12-23,117,33,3
979,2025-12-23,128,37,2
980,2025-12-24,41,17,1
981,2025-12-24,173,47,1
982,2025-12-24,190,33,1
983,2025-12-25,4,16,1
984,2025-12-25,94,25,2
985,2025-12-26,10,36,4
986,2025-12-26,83,16,4
987,2025-12-26,70,5,5
988,2025-12-27,31,33,1
989,2025-12-27,58,34,1
990,2025-12-27,18,30,3
991,2025-12-28,84,6,5
992,2025-12-28,3,24,2
993,2025-12-28,145,20,5
994,2025-12-29,119,24,5
995,2025-12-29,198,50,2
996,2025-12-30,195,16,2
997,2025-12-30,105,2,2
998,2025-12-30,89,41,1
999,2025-12-31,1,49,4
1000,2025-12-31,27,14,5
